"cod_distrito","razon_tasa_envejecimiento"
"D01",0.94229938985461529668
"D09",0.86958101856109646315
"D04",0.90267979082766348182
"D02",1.03798206406988375426
"D03",1.09506036777016405250
"D07",1.20384251282280912396
"D08",0.73697008047154522985
"D05",1.04348761318475743328
"D06",1.16809716243746516441
