"nombre","sup_media"
"Este",1864.7142857142857143
"Suroeste",8154.2500000000000000
"Sureste",2127.7500000000000000
"Sur",2007.2857142857142857
"Norte",2304.6250000000000000
"Oeste",7583.1428571428571429
"Centro",1625.0000000000000000
"Noreste",3163.2500000000000000
"Noroeste",1296.2500000000000000
