"cod_distrito","razon_sexratio"
"D01",0.97852823643843515716
"D09",1.07165562533182030542
"D04",1.01820856206627086724
"D02",0.98980030211779336090
"D03",0.99788500818508705137
"D07",0.96320464148077459399
"D08",1.00964532652329867805
"D05",0.98943765274440614835
"D06",0.99868600439681522079
