"nombre","tasa_juventud"
"Este",15.0591346507015353
"Suroeste",17.8628434614069091
"Sureste",14.2025741466144376
"Sur",14.5301466594242260
"Norte",16.0193417563562627
"Oeste",14.6099688255280395
"Centro",15.1679624468241162
"Noreste",12.8023899737685806
"Noroeste",13.7228260869565217
