"nombre","num_secciones","superf_media"
"Suroeste",4,8154.2500000000000000
"Sureste",4,2127.7500000000000000
"Centro",4,1625.0000000000000000
"Noreste",4,3163.2500000000000000
"Noroeste",4,1296.2500000000000000
